schemaVersion,recordType,company,title,date,is_remote,role_family,url,sourceName,sourceURL,collectedAt
1.0,JOB,HealthCare.com,Growth Marketing Manager at HealthCare.com,2026-09-05T20:30:41+00:00,False,AI/TECH,https://remotefirstjobs.com/companies/healthcarecom/jobs/growth-marketing-manager-857687,RemoteFirstJobs AI,https://remotefirstjobs.com/companies/healthcarecom/jobs/growth-marketing-manager-857687,2026-09-06T03:06:01.681703+00:00
1.0,JOB,Once Upon a Farm,"Manager, Financial Planning & Analysis at Once Upon a Farm",2026-09-05T19:45:19+00:00,True,AI/TECH,https://remotefirstjobs.com/companies/once-upon-a-farm/jobs/manager-financial-planning-analysis-857682,RemoteFirstJobs AI,https://remotefirstjobs.com/companies/once-upon-a-farm/jobs/manager-financial-planning-analysis-857682,2026-09-06T03:06:01.681703+00:00
1.0,JOB,LawPay,Senior Data Analyst at LawPay,2026-09-05T19:14:27+00:00,False,AI/TECH,https://remotefirstjobs.com/companies/lawpay/jobs/senior-data-analyst-857672,RemoteFirstJobs AI,https://remotefirstjobs.com/companies/lawpay/jobs/senior-data-analyst-857672,2026-09-06T03:06:01.681703+00:00
1.0,JOB,Ratehub.ca,Director of Marketing - 12 Month Contract at Ratehub.ca,2026-09-05T19:03:25+00:00,True,AI/TECH,https://remotefirstjobs.com/companies/ratehubca/jobs/director-of-marketing-12-month-contract-857671,RemoteFirstJobs AI,https://remotefirstjobs.com/companies/ratehubca/jobs/director-of-marketing-12-month-contract-857671,2026-09-06T03:06:01.681703+00:00
1.0,JOB,Celerity,Senior Business Analyst at Celerity,2026-09-05T18:32:17+00:00,True,AI/TECH,https://remotefirstjobs.com/companies/celerity-consulting-group/jobs/senior-business-analyst-857670,RemoteFirstJobs AI,https://remotefirstjobs.com/companies/celerity-consulting-group/jobs/senior-business-analyst-857670,2026-09-06T03:06:01.681703+00:00
1.0,JOB,Offchain Labs,"Sr. Associate, Corporate Development at Offchain Labs",2026-09-05T17:58:08+00:00,True,AI/TECH,https://remotefirstjobs.com/companies/offchain-labs/jobs/sr-associate-corporate-development-857666,RemoteFirstJobs AI,https://remotefirstjobs.com/companies/offchain-labs/jobs/sr-associate-corporate-development-857666,2026-09-06T03:06:01.681703+00:00
1.0,JOB,Sutherland,Sr. Data Analyst | Canada | Remote at Sutherland,2026-09-05T17:23:40+00:00,True,AI/TECH,https://remotefirstjobs.com/companies/sutherland/jobs/sr-data-analyst-canada-remote-857662,RemoteFirstJobs AI,https://remotefirstjobs.com/companies/sutherland/jobs/sr-data-analyst-canada-remote-857662,2026-09-06T03:06:01.681703+00:00
1.0,JOB,Vanta,"Subject Matter Expert, GTM GRC - Revenue at Vanta",2026-09-05T17:00:28+00:00,True,AI/TECH,https://remotefirstjobs.com/companies/vanta/jobs/subject-matter-expert-gtm-grc-revenue-857659,RemoteFirstJobs AI,https://remotefirstjobs.com/companies/vanta/jobs/subject-matter-expert-gtm-grc-revenue-857659,2026-09-06T03:06:01.681703+00:00
1.0,JOB,Vanta,"Subject Matter Expert, GTM GRC - Revenue at Vanta",2026-09-05T16:57:20+00:00,True,AI/TECH,https://remotefirstjobs.com/companies/vanta/jobs/subject-matter-expert-gtm-grc-revenue-857656,RemoteFirstJobs AI,https://remotefirstjobs.com/companies/vanta/jobs/subject-matter-expert-gtm-grc-revenue-857656,2026-09-06T03:06:01.681703+00:00
1.0,JOB,BizLibrary,Partner Growth Manager at BizLibrary,2026-09-05T16:41:52+00:00,True,AI/TECH,https://remotefirstjobs.com/companies/bizlibrary/jobs/partner-growth-manager-857651,RemoteFirstJobs AI,https://remotefirstjobs.com/companies/bizlibrary/jobs/partner-growth-manager-857651,2026-09-06T03:06:01.681703+00:00
1.0,JOB,Stack Exchange,Staff Data Scientist at Stack Exchange,2026-09-05T16:36:28+00:00,True,DATA SCIENCE,https://remotefirstjobs.com/companies/stack-exchange/jobs/staff-data-scientist-857646,RemoteFirstJobs AI,https://remotefirstjobs.com/companies/stack-exchange/jobs/staff-data-scientist-857646,2026-09-06T03:06:01.681703+00:00
1.0,JOB,Tipalti,"Manager, Strategic Customer Onboarding at Tipalti",2026-09-05T16:12:27+00:00,False,AI/TECH,https://remotefirstjobs.com/companies/tipalti/jobs/manager-strategic-customer-onboarding-857633,RemoteFirstJobs AI,https://remotefirstjobs.com/companies/tipalti/jobs/manager-strategic-customer-onboarding-857633,2026-09-06T03:06:01.681703+00:00
1.0,JOB,Tipalti,"Manager, Strategic Customer Onboarding at Tipalti",2026-09-05T16:11:26+00:00,False,AI/TECH,https://remotefirstjobs.com/companies/tipalti/jobs/manager-strategic-customer-onboarding-857632,RemoteFirstJobs AI,https://remotefirstjobs.com/companies/tipalti/jobs/manager-strategic-customer-onboarding-857632,2026-09-06T03:06:01.681703+00:00
1.0,JOB,Wpromote,"Senior Director, Paid Social at Wpromote",2026-09-05T15:58:13+00:00,True,AI/TECH,https://remotefirstjobs.com/companies/wpromote/jobs/senior-director-paid-social-857629,RemoteFirstJobs AI,https://remotefirstjobs.com/companies/wpromote/jobs/senior-director-paid-social-857629,2026-09-06T03:06:01.681703+00:00
1.0,JOB,Data Coach,"Sr. Business Analyst, AI & Data at Data Coach",2026-09-05T15:22:38+00:00,True,AI/TECH,https://remotefirstjobs.com/companies/phdata/jobs/sr-business-analyst-ai-data-857624,RemoteFirstJobs AI,https://remotefirstjobs.com/companies/phdata/jobs/sr-business-analyst-ai-data-857624,2026-09-06T03:06:01.681703+00:00
1.0,JOB,Data Coach,"Business Analyst, AI & Data at Data Coach",2026-09-05T15:21:31+00:00,True,AI/TECH,https://remotefirstjobs.com/companies/phdata/jobs/business-analyst-ai-data-857623,RemoteFirstJobs AI,https://remotefirstjobs.com/companies/phdata/jobs/business-analyst-ai-data-857623,2026-09-06T03:06:01.681703+00:00
1.0,JOB,Hypersonix Inc,Data Engineer at Hypersonix Inc.,2026-09-05T12:55:30+00:00,False,AI/TECH,https://remotefirstjobs.com/companies/hypersonix-inc/jobs/data-engineer-857608,RemoteFirstJobs AI,https://remotefirstjobs.com/companies/hypersonix-inc/jobs/data-engineer-857608,2026-09-06T03:06:01.681703+00:00
1.0,JOB,Orca,"Director/Head, Pharmacovigilance at Orca",2026-09-05T12:54:28+00:00,True,AI/TECH,https://remotefirstjobs.com/companies/orca/jobs/directorhead-pharmacovigilance-857607,RemoteFirstJobs AI,https://remotefirstjobs.com/companies/orca/jobs/directorhead-pharmacovigilance-857607,2026-09-06T03:06:01.681703+00:00
1.0,JOB,Celerion,Trial Master Files Representative at Celerion,2026-09-05T12:35:30+00:00,True,AI/TECH,https://remotefirstjobs.com/companies/celerion/jobs/trial-master-files-representative-857599,RemoteFirstJobs AI,https://remotefirstjobs.com/companies/celerion/jobs/trial-master-files-representative-857599,2026-09-06T03:06:01.681703+00:00
1.0,JOB,Nium,Head of Commercial Compliance - Americas at Nium,2026-09-05T11:34:45+00:00,False,AI/TECH,https://remotefirstjobs.com/companies/nium/jobs/head-of-commercial-compliance-americas-857580,RemoteFirstJobs AI,https://remotefirstjobs.com/companies/nium/jobs/head-of-commercial-compliance-americas-857580,2026-09-06T03:06:01.681703+00:00
1.0,JOB,Serve Robotics,"Data Analyst, Supply Chain",2026-09-05T11:22:46+00:00,True,AI/TECH,https://jobicy.com/jobs/152583-data-analyst-supply-chain,Jobicy,https://jobicy.com/jobs/152583-data-analyst-supply-chain,2026-09-06T03:06:01.681703+00:00
1.0,JOB,Appen,"Project Associate, Qualification - Night Shift - Remote at Appen",2026-09-05T11:19:29+00:00,True,AI/TECH,https://remotefirstjobs.com/companies/appen/jobs/project-associate-qualification-night-shift-remote-857575,RemoteFirstJobs AI,https://remotefirstjobs.com/companies/appen/jobs/project-associate-qualification-night-shift-remote-857575,2026-09-06T03:06:01.681703+00:00
1.0,JOB,RelationalAI,Solution Engineer,2026-09-05T11:18:47+00:00,True,AI/TECH,https://jobicy.com/jobs/152574-solution-engineer-3,Jobicy,https://jobicy.com/jobs/152574-solution-engineer-3,2026-09-06T03:06:01.681703+00:00
1.0,JOB,RelationalAI,Customer Support Engineer,2026-09-05T11:17:43+00:00,True,AI/TECH,https://jobicy.com/jobs/152570-customer-support-engineer-2,Jobicy,https://jobicy.com/jobs/152570-customer-support-engineer-2,2026-09-06T03:06:01.681703+00:00
1.0,JOB,Skio,Merchant Success Associate at Skio,2026-09-05T11:01:49+00:00,False,AI/TECH,https://remotefirstjobs.com/companies/skio/jobs/merchant-success-associate-857568,RemoteFirstJobs AI,https://remotefirstjobs.com/companies/skio/jobs/merchant-success-associate-857568,2026-09-06T03:06:01.681703+00:00
1.0,JOB,Filevine,Senior QA Analyst at Filevine,2026-09-05T10:54:02+00:00,False,AI/TECH,https://remotefirstjobs.com/companies/filevine/jobs/senior-qa-analyst-857561,RemoteFirstJobs AI,https://remotefirstjobs.com/companies/filevine/jobs/senior-qa-analyst-857561,2026-09-06T03:06:01.681703+00:00
1.0,JOB,Filevine,Software Development Engineer in Test (SDET) - Immigration AI at Filevine,2026-09-05T10:51:54+00:00,False,AI/TECH,https://remotefirstjobs.com/companies/filevine/jobs/software-development-engineer-in-test-sdet-immigration-ai-857559,RemoteFirstJobs AI,https://remotefirstjobs.com/companies/filevine/jobs/software-development-engineer-in-test-sdet-immigration-ai-857559,2026-09-06T03:06:01.681703+00:00
1.0,JOB,Filevine,Enablement Specialist at Filevine,2026-09-05T10:50:48+00:00,False,AI/TECH,https://remotefirstjobs.com/companies/filevine/jobs/enablement-specialist-857558,RemoteFirstJobs AI,https://remotefirstjobs.com/companies/filevine/jobs/enablement-specialist-857558,2026-09-06T03:06:01.681703+00:00
1.0,JOB,Foodsmart,"Senior Manager, Software Engineering at Foodsmart",2026-09-05T10:29:42+00:00,True,AI/TECH,https://remotefirstjobs.com/companies/foodsmart/jobs/senior-manager-software-engineering-857557,RemoteFirstJobs AI,https://remotefirstjobs.com/companies/foodsmart/jobs/senior-manager-software-engineering-857557,2026-09-06T03:06:01.681703+00:00
1.0,JOB,MetroStar,Sr. AI/ML Engineer I (6813) at MetroStar,2026-09-05T10:27:36+00:00,False,AI/ML ENGINEERING,https://remotefirstjobs.com/companies/metrostar/jobs/sr-aiml-engineer-i-6813-857555,RemoteFirstJobs AI,https://remotefirstjobs.com/companies/metrostar/jobs/sr-aiml-engineer-i-6813-857555,2026-09-06T03:06:01.681703+00:00
1.0,JOB,AllTrails,Growth Product & Business Analyst at AllTrails,2026-09-05T09:54:17+00:00,True,AI/TECH,https://remotefirstjobs.com/companies/alltrails/jobs/growth-product-business-analyst-857552,RemoteFirstJobs AI,https://remotefirstjobs.com/companies/alltrails/jobs/growth-product-business-analyst-857552,2026-09-06T03:06:01.681703+00:00
1.0,JOB,Luxury Presence,"Junior Web Builder (Fully Remote, PH-Based Only, Fresh Grads Welcome to Apply) at Luxury Presence",2026-09-05T09:20:02+00:00,True,AI/TECH,https://remotefirstjobs.com/companies/luxury-presence/jobs/junior-web-builder-fully-remote-phbased-only-fresh-grads-welcome-to-apply-857539,RemoteFirstJobs AI,https://remotefirstjobs.com/companies/luxury-presence/jobs/junior-web-builder-fully-remote-phbased-only-fresh-grads-welcome-to-apply-857539,2026-09-06T03:06:01.681703+00:00
1.0,JOB,Luxury Presence,GTM Recruiter at Luxury Presence,2026-09-05T09:18:55+00:00,False,AI/TECH,https://remotefirstjobs.com/companies/luxury-presence/jobs/gtm-recruiter-857538,RemoteFirstJobs AI,https://remotefirstjobs.com/companies/luxury-presence/jobs/gtm-recruiter-857538,2026-09-06T03:06:01.681703+00:00
1.0,JOB,Gather AI,ML Annotation QA Engineer at Gather AI,2026-09-05T08:35:58+00:00,False,AI/TECH,https://remotefirstjobs.com/companies/gather-ai/jobs/ml-annotation-qa-engineer-857526,RemoteFirstJobs AI,https://remotefirstjobs.com/companies/gather-ai/jobs/ml-annotation-qa-engineer-857526,2026-09-06T03:06:01.681703+00:00
1.0,JOB,KarmaCheck,Sr Product Manager of Integrations at KarmaCheck,2026-09-05T08:16:04+00:00,True,AI/TECH,https://remotefirstjobs.com/companies/karmacheck/jobs/sr-product-manager-of-integrations-857517,RemoteFirstJobs AI,https://remotefirstjobs.com/companies/karmacheck/jobs/sr-product-manager-of-integrations-857517,2026-09-06T03:06:01.681703+00:00
1.0,JOB,Samsara,Staff Offensive Security Engineer at Samsara,2026-09-05T08:09:46+00:00,True,AI/TECH,https://remotefirstjobs.com/companies/samsara/jobs/staff-offensive-security-engineer-857511,RemoteFirstJobs AI,https://remotefirstjobs.com/companies/samsara/jobs/staff-offensive-security-engineer-857511,2026-09-06T03:06:01.681703+00:00
1.0,JOB,Samsara,Staff Offensive Security Engineer at Samsara,2026-09-05T08:07:38+00:00,True,AI/TECH,https://remotefirstjobs.com/companies/samsara/jobs/staff-offensive-security-engineer-857509,RemoteFirstJobs AI,https://remotefirstjobs.com/companies/samsara/jobs/staff-offensive-security-engineer-857509,2026-09-06T03:06:01.681703+00:00
1.0,JOB,Intelerad,Software Developer Manager at Intelerad,2026-09-05T08:05:27+00:00,True,AI/TECH,https://remotefirstjobs.com/companies/intelerad-medical-systems/jobs/software-developer-manager-857507,RemoteFirstJobs AI,https://remotefirstjobs.com/companies/intelerad-medical-systems/jobs/software-developer-manager-857507,2026-09-06T03:06:01.681703+00:00
1.0,JOB,"the specific offerings for this role, as well as the salary range for your primar",PagerDuty: Account Manager- DC,2026-09-05T07:31:10+00:00,True,AI/TECH,https://weworkremotely.com/remote-jobs/pagerduty-account-manager-dc,We Work Remotely,https://weworkremotely.com/remote-jobs/pagerduty-account-manager-dc,2026-09-06T03:06:01.681703+00:00
1.0,JOB,Reddit,"Staff Data Scientist – Ads Measurement, Signals, Privacy",2026-09-05T05:35:10+00:00,True,DATA SCIENCE,https://jobicy.com/jobs/150206-staff-data-scientist-ads-measurement-signals-privacy,Jobicy,https://jobicy.com/jobs/150206-staff-data-scientist-ads-measurement-signals-privacy,2026-09-06T03:06:01.681703+00:00
1.0,JOB,Reddit,"Sr. Staff Data Scientist – Ads Measurement, Signals, Privacy",2026-09-05T05:35:08+00:00,True,DATA SCIENCE,https://jobicy.com/jobs/150205-sr-staff-data-scientist-ads-measurement-signals-privacy,Jobicy,https://jobicy.com/jobs/150205-sr-staff-data-scientist-ads-measurement-signals-privacy,2026-09-06T03:06:01.681703+00:00
1.0,JOB,Mirantis,Pre-Sales Solution Architect – AI Infrastructure (remote in the EU),2026-09-05T05:30:08+00:00,True,AI/TECH,https://jobicy.com/jobs/150239-pre-sales-solution-architect-ai-infrastructure-remote-in-the-eu,Jobicy,https://jobicy.com/jobs/150239-pre-sales-solution-architect-ai-infrastructure-remote-in-the-eu,2026-09-06T03:06:01.681703+00:00
1.0,JOB,MagicSchool AI,"Senior Customer Success Manager – Mid-Market, TX",2026-09-05T05:30:06+00:00,True,AI/TECH,https://jobicy.com/jobs/150224-senior-customer-success-manager-mid-market-tx,Jobicy,https://jobicy.com/jobs/150224-senior-customer-success-manager-mid-market-tx,2026-09-06T03:06:01.681703+00:00
